{
        "Ellen": [0.52589768,0.03400064,0.19542421,0.11375914,0.13091833],
        "BarackObama":[0.2483409,0.03981837,0.19524974,0.16241705,0.35417394],
        "Rihanna": [0.59228363,0.03962461,0.16266945,0.10809871,0.0973236],
        "Cristiano": [0.61587555,0.02473075,0.13960909,0.10131631,0.11846829],
        "JustinBieber": [0.748,0.0185,0.1045,0.088,0.041]
}